{
  "meta": {
    "source": "NHL API (api-web.nhle.com) play-by-play",
    "season": "2023-2024",
    "games": 60,
    "generated": "2026-06-11T02:49:48.566Z",
    "note": "Derived aggregates only; raw play-by-play is not committed."
  },
  "shooting": {
    "shootingPct": 0.10213710796558423,
    "savePct": 0.8978628920344158,
    "fenwickShootingPct": 0.0696442089326268
  },
  "perTeamPerGame": {
    "shotsOnGoal": 30.025,
    "missedShots": 14.008333333333333,
    "blockedShots": 17.458333333333332,
    "goals": 3.066666666666667,
    "hits": 22.791666666666668,
    "takeaways": 6.066666666666666,
    "giveaways": 7.766666666666667,
    "faceoffs": 27.483333333333334,
    "penalties": 3.716666666666667
  },
  "xgSurface": {
    "distanceEdges": [
      0,
      8,
      15,
      22,
      30,
      40,
      55,
      75,
      100,
      200
    ],
    "angleEdges": [
      0,
      15,
      30,
      45,
      60,
      90,
      180
    ],
    "xg": [
      [
        0.20512820512820512,
        0.17142857142857143,
        0.20930232558139536,
        0.18309859154929578,
        0.07563025210084033,
        0
      ],
      [
        0.13991769547325103,
        0.1696969696969697,
        0.09259259259259259,
        0.07913669064748201,
        0.08333333333333333,
        0
      ],
      [
        0.1761006289308176,
        0.1111111111111111,
        0.1590909090909091,
        0.0707070707070707,
        0.02631578947368421,
        0
      ],
      [
        0.11403508771929824,
        0.104,
        0.09027777777777778,
        0.08275862068965517,
        0.03424657534246575,
        0
      ],
      [
        0.06201550387596899,
        0.0430622009569378,
        0.07801418439716312,
        0.0335195530726257,
        0.028846153846153848,
        0
      ],
      [
        0.044642857142857144,
        0.027237354085603113,
        0.024922118380062305,
        0.015873015873015872,
        0,
        0
      ],
      [
        0.031578947368421054,
        0.010452961672473868,
        0.006872852233676976,
        0,
        0,
        0
      ],
      [
        0.03125,
        0.014492753623188406,
        0,
        0,
        0,
        0
      ],
      [
        0,
        0,
        0,
        0,
        0,
        0
      ]
    ],
    "attempts": [
      [
        78,
        70,
        43,
        71,
        119,
        0
      ],
      [
        243,
        165,
        108,
        139,
        168,
        0
      ],
      [
        159,
        135,
        88,
        99,
        114,
        0
      ],
      [
        114,
        125,
        144,
        145,
        146,
        0
      ],
      [
        129,
        209,
        282,
        179,
        104,
        0
      ],
      [
        224,
        257,
        321,
        189,
        32,
        0
      ],
      [
        190,
        287,
        291,
        9,
        0,
        0
      ],
      [
        32,
        69,
        7,
        0,
        0,
        0
      ],
      [
        0,
        0,
        0,
        0,
        0,
        0
      ]
    ]
  },
  "sequences": {
    "stoppagesPerGame": {
      "offside": 4.35,
      "icing": 8.016666666666667,
      "goalieFreeze": 16.85,
      "other": 13.433333333333334
    },
    "zoneTimeShare": {
      "offensive": 0.680259013832548,
      "neutral": 0.09910554561717352,
      "defensive": 0.22063544055027842
    },
    "entriesPerTeamPer60": 37.875,
    "shotsPerEntry": 1.0873487348734874,
    "rushShotShare": 0.52853095912586,
    "reboundShotShare": 0.06657223796033994,
    "meanSecondsBetweenStoppages": 66.66385189996753,
    "faceoffZoneMix": {
      "offensive": 0.36084688554771405,
      "neutral": 0.2994783675974225,
      "defensive": 0.33967474685486343
    }
  }
}
